SITE,Category
10213,5 poles for blanket forts
10751,Ab Board Adjacent To Playground
10365,Abacus
10050,Absail embankment
10365,Absail rope wall
21798,Accessible module
10050,Activity Panel
10271,Activity Panel
10377,Activity panels Xylophone
11198,Flying Fox
21292,Air Walker On High Side Of Reserve
10520,Allsafe tiles
21523,Artificial turf mound
23081,Artificial turf mound
10200,Baby swing
23096,Baby swing
10396,Balance beam
10356,Balance beam
10381,Balance beam - wooden
10020,Balance beams
10154,Balance board
21383,Balance spica
10241,Balancing logs
10351,Ball - plastic
10351,Ball - plastic
22847,Bank Slide
23106,Basket swing
21196,Basket swing
10424,Basket swing
10277,Caterpillar
10277,Creature Bellbird
10277,Creature Fantail
10277,Creature Snail
10277,Flower Canopy Disc
10277,Flower Canopy Disc
10277,Flower Canopy Disc
10277,Flower Canopy Disc
10277,Flower Canopy Disc
10277,Flower Canopy Disc
10277,Flower Canopy Disc
10277,Flower Canopy Disc
10277,Flower Canopy Disc
10277,Flower Canopy Disc
10277,Flower Canopy Disc
10277,Flower Canopy Disc
10277,Flower Canopy Disc
10277,kamokama
10277,Large Spinner
10277,Small Spinner
10277,Vines Leaves
10277,Vines Leaves
10277,Birds Nest Swing
10317,Boat
10116,Bull rider
21188,Butterfly see saw
21571,Buzzy bee rocker
21190,Buzzy bee rocker
10377,Buzzy Bee rocker
10779,Rope Bridges
10779,Balancing Beams
10779,Monkey Bars
10779,Swing Rope
10288,Canoe
10255,Car racer
10029,Car rocker
21190,Car springy rocker
10154,Car springy rocker
21196,Carosel
20708,Chin ups
10200,Climber
21794,Climber
21383,Climbing ball east
21383,Climbing ball west
10365,Climbing embankment
21177,Climbing frame
21190,Climbing module
10425,Climbing module
10004,Climbing Module
10389,Climbing module
10277,Climbing Module
21004,Climbing module
10048,Climbing net
10365,Climbing net
10416,Climbing net
10424,Climbing net
10050,Climbing rock
10351,Climbing rocks
10351,Climbing rocks
10361,Climbing unit
10056,Climbing wall
21798,Commet spinner
10751,Cross Trainer Adjacent To Playground
20877,Cube
10442,Cup spinner
20672,Cup spinner
10442,Cup spinner
20672,Cup spinner
10048,Cup spinner
20672,Cup spinner
23971,Digger
23971,Digger
10288,Digger
21190,Dinosour rocker
10751,Dip Bar Adjacent To Playground
23971,Dippy Disc
21794,Dippy disc
21383,Disk spinner - small
20939,Dizzy Disc
11395,Dog Agility Station-AFrame
11395,Dog Agility Station-Bridge
11395,Dog Agility Station-Hurdle
11395,Dog Agility Station-Hurdle
11395,Dog Agility Station-Jump Through Hurdle
11395,Dog Agility Station-Tunnel
11395,Dog Agility Station-Tunnel
11395,Dog Agility Station-Weave Pole
10000,Dolphin rocker
10326,Dolphin rocker
10219,Dome
21866,Dome
21356,Dome
10265,Dome Climber
21396,Double seesaw
10155,Double skate unit
10286,Double swing set
10356,Double wave slide
10361,Dragon
10348,Dynamo rotating net
10063,Eagles Nest
21392,Playground-Timber sawn & concrete
21292,Elliptical Crosstrainer On High Side
10241,Embankment slide
10424,Embankment slide
10424,Embankment slide
21561,Embankment slide
10288,Embankment slides
21383,Faintail roundabout
10444,Fantail
10155,Fantail roundabout
10198,Fantail roundabout
10442,Fantail roundabout
10286,Fantail roundabout
10004,Fantail roundabout
21077,Fantail roundabout
10286,Feature Splash Pad blue green
10286,Feature Splash Pad blue green
10286,Feature Splash Pad red leaf grey pole
10286,Feature Splash Pad red leaf grey pole
10286,Feature Splash Pad red pole
10286,Feature Splash Pad switch
10286,Feature Splash Pad yellow loop
10286,Feature Splash Pad yellow mushroom
20078,GymGuru
20006,Fitness device
21906,Fitness device
20078,GymGuru
11141,Fitness device
20006,Airwalker
21906,Fitness device
20078,GymGuru
20006,Fitness device
21906,FITN-3rd from playground
20078,GymGuru
20006,Bike Step
21906,Fitness device
20078,GymGuru
20006,Leg Press
21661,Fitness device
10710,Air Walker
10926,Air walker/Dip&crunch station
11107,Airwalk Crunch
22135,Airwalker
20076,Arm press
10514,Arm Pull
21661,Arms&abs
21661,Arms&abs
10932,Bars
22782,Fitness bike
10889,Fitness bike
11141,Body curl
21964,Chest Leg
20776,Chin up bar
22135,Cross Trainer
22782,CrossTrainer
22135,Fitness dipper
11096,Fitness device
11096,FITN-FE01 Twister
11096,Leg press
11096,Air Walker
21750,Fitness device
21750,Fitness device
21750,Fitness device
10710,Hip Swing
22782,HipSwing
10926,Horse rider/skier
20006,Fitness device
21964,Leg Press
10710,Leg Press
11107,Leg press & situp
20076,Leg Press
10514,Leg Press
10514,Leg Swing
10889,LegPress
21661,Legs&abs
21661,Legs&arms
11141,Log jump
11141,Fitness device
11141,Fitness device
22782,Overhead press
10926,Pull down exerciser
10926,Pullup bar
10926,Pullup bar
21964,Roman Chair
10931,Roman Chair
10710,Rowing Machine
10514,Rowing
10926,Shoulder wheel
10710,Sit Ups
10514,FITN-Stair Climber. Henry Curd Entrance
11107,Step ups
11107,Step ups
11141,Step-up
20776,Tricep dip bars
10710,Tricep Ext
11107,Twister Arm Press
10396,Fitness device
10396,Fitness device
10396,Fitness device
10396,Fitness device
10510,Fitness device
10510,Fitness device
10020,Fitness device
10020,Fitness device
10383,Cross trainer
10383,Hip flexor/chin ups
10383,Stationary bike
10510,Balancing Bar
11393,Fitness Station
11393,Fitness Station
11393,Fitness Station
11420,Fitness Station
10034,Fitness Station - Hurdle
10034,Fitness Station - Hurdle
10034,Fitness Station - Rung Ladder
10034,Fitness Station Balance Log
10034,Fitness Station Balance Log
10034,Fitness Station
10034,Fitness Station Cycle Strider
10034,Fitness Station Cycle Strider
10034,Fitness Station Horse Rider
10034,Fitness Station Jump Touch
10034,Fitness Station Monkey Bars
10356,Fitness Station
10356,Fitness Station
10356,Fitness Station
10356,Fitness Station
10356,Fitness Station
10356,Fitness Station
10356,Fitness Station
10265,Fitness Station
10265,Fitness Station
10265,Fitness Station
10265,Fitness Station
10265,Fitness Station
10394,Fitness Station
10394,Fitness Station
10394,Fitness Station
10394,Fitness Station
10394,Fitness Station
10394,Fitness Station
10394,Fitness Station
10394,Fitness Station
10394,Fitness Station
10394,Fitness Station
10004,Fitness Station
10004,Fitness Station
10004,Fitness Station
10004,Fitness Station
10004,Fitness Station
10004,Fitness Station
10004,Fitness Station
10004,Fitness Station
10004,Fitness Station
10020,Fitness Station
10020,Fitness Station
10020,Fitness Station
10020,Fitness Station
10020,Fitness Station
10020,Fitness Station
10020,Fitness Station
10356,Fitness Station
10441,Fitness Station
10441,Fitness Station
10441,Fitness Station
10441,Fitness Station
10441,Fitness Station
10441,Fitness Station
10155,Fitness Station
10155,Fitness Station
10155,Fitness Station
10303,Fitness Station
10303,Fitness Station
10034,Fitness Station Sit up Bench
10034,Fitness Station Step and Reach
10034,Fitness Station Stepping Poles
10107,Fitness Station Air Walker Dip & Crunch
10368,Fitness Station Balance Beam
11341,Fitness Station Bench Press & Twister
10418,Fitness Station Chin Up & Step & Reach
10107,Fitness Station Chin Up Step Up
10431,Fitness Station Chin Ups
10368,Fitness Station-Chin-Up Bars
10368,Fitness Station-Climbing Wall
11335,Fitness Station-Cycle Strider/Stretching
11435,Fitness Station-Dip and Crunch Station
10368,Fitness Station-Dip Crunch & Cycle
10431,Fitness Station-Dog Agility Course
11341,Fitness Station-Horse Rider & Skier
22500,Fitness Station-Horse Rider & Skier
10368,Fitness Station-Leg Press & Sit-up Bench
11435,Fitness Station-Leg Press & Situp Bench
10368,Fitness Station-Leg Stretch
11366,Fitness Station-Leg Stretch
11420,Fitness Station-Leg Stretch
11366,Fitness Station-Monkey Bars
10368,Fitness Station-Monkey Bars
10431,Fitness Station-Monkey Bars
10368,Fitness Station-Muscle Blaster
10368,Fitness Station-Parallel Bars
11420,Fitness Station-Pole Stretch
11341,Fitness Station-Pull Down & Cycle
10368,Fitness Station-Pull Down Ex & Rec Cycle
11335,Fitness Station-Pull Down Ex/Recum Cycle
11366,Fitness Station-Pull Up Bars
11435,Fitness Station-Pulldown Exerciser & Rec
11420,Fitness Station-Push Up Bar High
11420,Fitness Station-Push Up Bar Low
10431,Fitness Station-Push Ups
10368,Fitness Station-Push-Up Bars
11341,Fitness Station-Shoulder Wheel XTrainer
22500,Fitness Station-Shoulder Wheels & Cross
10431,Fitness Station-Side Jumps
10431,Fitness Station-Side Vaults
11366,Fitness Station-Sit Up & Stretch
22500,Fitness Station-Sit up Bench & Leg Press
10418,Fitness Station-Sit Up Bench & Leg Press
10431,Fitness Station-Sit Ups
10107,Fitness Station-Situp Leg Press
11435,Fitness Station-Skier & Horse Rider
10418,Fitness Station-Skier & Horse Rider
11335,Fitness Station-Skier/Horse Rider
11426,Fitness Station-Step & Reach & Chin Up
10431,Fitness Station-Step Ups
10368,Fitness Station-Steps
10368,Fitness Station-Stretch & Air Walker
10107,Fitness Station-Twister
10418,Fitness Station-Twister & Vertical Bench
11335,Fitness Station-Twister/Vert Bench Press
11420,Fitness Station-Uneven Parallel Bars
11420,Fitness Station-Uneven Parallel Bars
10368,Fitness Station-Vertical Ladder
11366,Fitness Station-Weaving Poles
10431,Fitness Station-Weaving Poles
10356,Fitness Station
10004,Fitness Station
10020,Fitness Station
10441,Fitness Station
10441,Fitness Station
21798,Flying Fox
10048,Flying Fox
10116,Flying Fox
10351,Flying Fox
10362,Flying Fox
10179,Flying Fox
10250,Flying Fox
10365,Flying Fox
10155,Flying Fox
10356,Flying Fox
21803,Flying Fox
10050,Flying Fox
10029,Flying Fox
23971,Flying Fox
10389,Flying Fox
10278,Flying Fox
20894,Flying fox
10179,Flying Fox
10361,Flying Fox
10396,Flying Fox
10063,Fort module
10424,Four bay swing
10950,Gate
10950,Gate
22326,Goal Posts - Steel-Rugby
10253,Grasshopper rocker
10424,Gyroscope spinner
21190,Hags spiker
10179,Hip Hop seesaw
10377,Hip Hop seesaw
10314,Hip Hop seesaw
10932,Basketball court
10037,Horn
10424,In-ground trampolines
10244,Jungle Cube
10396,Junior activity table
10258,Junior module
10348,Junior module
23106,Junior module
10396,Junior Module
21571,Junior module
10286,Junior module
10348,Junior module
10154,Junior module
10365,Junior Module
10179,Junior Module
21004,Junior Module
21390,Junior Module
10065,Junior Module
10288,Junior module
10244,Junior Rocker
10277,Junior Slide
10029,Junior slide module
10356,Junior Slide unit
10277,Junior Swing
10277,Junior Swing
10048,Junior Swing
10362,Junior Swings
21343,Junior Swings
21133,Junior unit
10050,Pyramid climbing net
21798,Large Fort
20654,Large module
10155,Large module
10442,Large module
23134,Large module
23080,Large module
10407,Large module
10239,Large module
21866,Large module
10218,Large module
10037,Large module
21398,Large module
23096,Large seesaw
21292,Lat Pull Down
21292,Leg Press
10396,Liberty Swing
10362,Liberty Swing
21798,Liberty Swing
10531,Logs
22699,Loose Fill
22699,Loose Fill
21444,Low Tunnel
10381,Lullabye basket swing
21806,Luna spinner
10034,Luna spinner
21390,Lunar
10288,Lunar net
21196,Lunar spinner
10381,Lunar spinner
23081,Lunar Spinner
10063,Lunar Spinner
21523,Lunar Spinner
23971,Medium Module
10365,Mesh wall
22847,Modern Modular (Large)
10759,Modern Modular (Small)
22898,Modular Unit (Small)
10058,Module
10303,Module
10151,Module
23078,Module
10050,Module
10425,Module
21396,Module
21481,Module
23100,Module
20955,Module
10020,Module
21173,Module
10178,Module
10197,Module
23103,Module
10340,Module
10394,Module
10257,Module
23084,Module
21806,Module
21177,Module
10200,Module
10176,Module
10415,Module
10198,Module
21416,Module
10028,Module
10441,Module
21052,Module
10116,Module
10387,Module
10050,Module
10244,Module
10321,Module
10416,Module
20865,Module
10250,Module
10373,Module
10266,Module
10253,Module
21015,Module
20869,Module
10034,Module
10312,Module
10245,Module
10269,Module
10381,Module
20930,Module
21190,Module
10020,Module
10315,Module
10408,Module
10029,Module
21543,Module
10425,Module
23058,Module
10444,Module
21077,Module
10441,Module
10351,Module
21803,Module
10408,Module
21356,Module
10033,Module
10035,Module
20672,Module
20939,Module
10253,Module
10319,Module
10072,Module
10377,Module
10304,Module
21011,Module
21145,Module
21523,Module
21705,Module
10271,Module
10314,Module
21153,Module
10361,Module - Bibox
21561,Module - Bibox
10319,Module - climbing
21145,Module - Green Slide
10348,Module - junior
21383,Module - Junior balance
21383,Module - Junior unit
20672,Module - large
10265,Module - large
20795,Module - senior
10278,"Module - slide, cable commando sail, hut"
21081,"Module - slide, climbers, sway bridge"
10265,Module - small
21444,Module - small
10022,Module - small slide
10255,"Module - tree hut, slides, cables"
10034,Module fitness
21137,Module Junior
21343,Module junior
10343,Module junior
10211,Module junior
10004,Module junior
10000,Module Junior
21303,Module Medium
10241,Module play unit
21571,Module senior
21137,Module Senior
10286,Module senior
20894,Module slide
21408,Module Small
10265,Monkey bars
10356,Monkey Bars
20708,Monkey bars
21137,Mouse House
10365,Net Climber large
10362,Observatory Starfinder
10825,Open Tile
20233,Open Tile
10356,Overhead bars
10356,Overhead bars
10304,Overhead bars
10286,Overhead climber
20939,Overhead Climber
10037,Overhead climber
20708,Overhead Rings
21190,Overhead spinner
10253,Overhead spinner
20708,Overhead spinner
20708,Parallel Bars
10034,Parkour Unit
11087,Spinning wheel
21540,PLAT-Above slide
22940,Balancing Bar
20776,Climbing Frame
23007,Climbing Frame
10535,Climbing Frame
20776,Climbing Frame
10535,Climbing Frame
22977,Flying Fox
10887,Modern Modular (Large)
21476,Modern Modular (Large)
10531,Modern Modular (Large)
20246,Modern Modular (Large)
23074,Modern Modular (Large)
22699,Modern Modular (Large)
20833,Modern Modular (Large)
21495,Modern Modular (Large)
21791,Modern Modular (Large)
20570,Modern Modular (Large)
20298,Modern Modular (Large)
10652,Modern Modular (Large)
10691,Modern Modular (Large)
22755,Modern Modular (Large)
22847,Modern Modular (Large)
10629,Modern Modular (Large)
21715,Modern Modular (Small)
21678,Modern Modular (Small)
21495,Modern Modular (Small)
21723,Modern Modular (Small)
21819,Modern Modular (Small)
10529,Modern Modular (Small)
21791,Modern Modular (Small)
23007,Modern Modular (Small)
20178,Modern Modular (Small)
22792,Modern Modular (Small)
22883,Modern Modular (Small)
10759,Modern Modular (Small)
10535,Modern Modular (Small)
20812,Modern Modular (Small)
22940,Modern Modular (Small)
10652,Modern Modular (Small)
10760,Modern Modular (Small)
10751,Modern Modular (Small)
10751,Modern Modular (Small)
10531,Rocktopus
10691,Rolling Log
10535,Rolling Log
22699,Roundabout - Sit On
10531,Roundabout - Sit On
22792,Roundabout - Stand On
20178,Roundabout
20178,Sail Boat
10535,Scale Swing
22699,Scale Swing
22847,Seesaw
22883,Seesaw
22755,Seesaw
10760,Seesaw
10691,Slide
21244,Slide
20178,Slide
23074,Slide
20246,Soccer Goalpost Nets
20246,Soccer Goalpost Nets
22940,Spinning Cup
10751,Spinning Cup
22887,Spring Saw
20298,Spring Saw
20246,Spring Saw
10751,Spring Saw
22883,Springy Animal
10531,Springy Animal
22847,Springy Animal
23074,Swing
23007,Swing
22699,Swing
21495,Swing
20833,Swing
21819,Swing
22792,Swing
22887,Swing
21244,Swing
22883,Swing
20298,Swing
10529,Swing
21791,Swing
10887,Swing
21476,Swing
21678,Swing
10759,Swing
20246,Swing
22847,Swing
21715,Swing
23074,Swing
20812,Swing
21715,Swing
22940,Swing
22940,Swing
20178,Swing
20570,Swing
10535,Swing
10619,Swing
10691,Swing
22755,Swing
10760,Swing
10751,Swing
10751,Swing
10652,Swing
20776,Toss Up
22792,Track Glide
10535,Track Glide
10691,Track Glide
10389,Play Boards
10389,Play Boards
10416,Play house
10022,Play hut
10424,Play module
23074,Small Roundabout
23074,Springy thing
21651,Basket swing
21723,Swing
10431,Double Bay Swings
11335,Basket Swing
21692,Basket Swing
21116,Bell Tower
20513,Binoculars
11460,Climbing Frame
21817,Climbing Frame
10418,Climbing Frame
21644,Climbing Frame
21649,Climbing Square
11471,Double Seesaw
11339,Double Seesaw
11482,Double Slide
21295,Double Slide
11444,Double Slide
11335,Double Springy Bees
21220,Double Swing
10391,Eagle's Nest
21521,Eagle's Nest
22574,Fitness Station
11369,Fitness Station
20883,Fitness Station
11431,Fitness Station
20502,Fitness Station
11350,Flying Fox
11460,Flying Fox
11374,Flying Fox
10418,Flying Saucer Swing
20716,Fort/Slide
11435,Fort/Slide
20892,Fort/Slide
22574,Fort/Slide
22554,Fort/Slide
21792,Fort/Slide
11369,Fort/Slide
22018,Fort/Slide
22507,Fort/Slide
22482,Fort/Slide
21521,Fort/Slide
20779,Fort/Slide
11335,Giant Basket Swing
21649,Hip Hop
21116,Hip Hop
11335,Hip Hop
11482,Hoop
11455,Junior module
10368,Junior Module
22674,Junior module
11417,Junior module
21534,Junior Seesaw
21321,Log Climber
22495,Lullaby Swing
11435,Lullaby Swing
21220,Luna Spinner
22637,Modern Modular
11479,Modern Modular
11431,Modern Modular
21021,Modern Modular
11401,Modern Modular
22537,Modern Modular
11444,Modern Modular
20883,Modern Modular
20572,Modern Modular
21167,Modern Modular
11482,Modern Modular
11385,Modern Modular
21962,Modern Modular
22568,Modern Modular
20509,Modern Modular
21975,Modern Modular
22052,Modern Modular
22495,Modern Modular
22577,Modern Modular
23622,Modern Modular
22560,Modern Modular
22106,Modern Modular
11337,Modern Modular
11361,Modern Modular
22675,Modern Modular
11383,Modern Modular
22482,Modern Modular
21826,Modern Modular
11381,Modern Modular
22563,Modern Modular
11471,Modern Modular
22531,Modern Modular
20923,Modern Modular
23367,Modern Modular
20506,Modern Modular
22495,Modern Modular
20892,Modern Modular
11389,Modern Modular
11469,Modern Modular
11488,Modern Modular
22514,Modern Modular
11482,Modern Modular
21423,Modern Modular
11338,Modern Modular
11430,Modern Modular
21281,Modern Modular
21704,Modern Modular
20841,Modern Modular
11339,Modern Modular
22048,Modern Modular
11367,Modern Modular
11330,Modern Modular
11391,Modern Modular
22639,Modern Modular
21321,Modern Modular
22068,Modern Modular
24050,Modern Modular
22502,Modern Modular
11444,Modern Modular
22507,Modern Modular
21826,Modern Modular
21226,Modern Modular
11460,Modern Modular
11350,Modern Modular
20605,Modern Modular
20605,Modern Modular
21167,Modern Modular
20532,Modern Modular
20949,Modern Modular
11341,Modern Modular
22527,Modern Modular
22487,Modern Modular
24050,Modern Modular
22052,Modern Modular
11482,Modern Modular
11438,Modern Modular
22131,Modern Modular
22018,Modern Modular
20857,Modern Modular
20716,Modern Modular
11435,Modern Modular
20706,Modern Modular
21841,Modern Modular
21766,Modern Modular
20502,Modern Modular
11432,Modern Modular
11342,Modern Modular
22537,Modern Modular
20928,Modern Modular
22537,Modern Modular
21792,Modern Modular
11486,Modern Modular
11420,Modern Modular
21845,Modern Modular
22516,Modern Modular
22010,Modern Modular
21093,Modern Modular
21093,Modern Modular
23367,Modern Modular
20636,Modern Modular
20841,Modern Modular
11485,Modern Modular
22014,Modern Modular
21048,Modern Modular
21649,Modern Modular
22672,Modern Modular
20513,Modern Modular
21517,Modern Modular
11376,Modern Modular
21220,Modern Modular
10187,Modern Modular
21673,Modern Modular
21598,Modern Modular
21677,Modern Modular
21534,Modern Modular
21660,Modern Modular
10107,Modern Modular
21644,Modern Modular
11372,Modern Modular
21220,Modern Modular
21136,Modern Modular
11418,Modern Modular
11368,Modern Modular
22674,Modern Modular
21245,Modern Modular
22525,Modern Modular
11490,Modern Modular
20874,Modern Modular
21852,Modern Modular
20886,Modern Modular
11417,Modern Modular
11490,Modern Modular
10431,Modern Modular Jnr
21116,Modern Modular Juni
11455,Modern Modular Larg
10431,Modern Modular Lge
21692,Modern Modular Med
10391,Mulberry Bush
21423,Playground
11488,Playground Track
22531,Playground Track
21841,Playground Track
22560,Playground Track
21093,Playground Track
11339,Playground Track
20892,Playground Track
11432,Playground Track
11471,Playground Track
22052,Playground Track
20716,Playground Track
20532,Playground Track
21852,Playground Track
21975,Playground Track
11430,Playground Track
11337,Playground Track
11417,Playground Track
21766,Playground Track
21792,Playground Track
22507,Playground Track
11490,Playground Track
20874,Playground Track
20886,Playground Track
10368,Pommel Swing
10418,Proludic Roundabout
21116,Regulus Climbing
11337,Roctopus
21321,Roctopus
11335,Rotator Tui
21636,Roundabout
11335,Sand-Play Features
11361,Sandpit
21220,Seesaw
21660,Seesaw
21673,Seesaw
11335,Seesaw Caterpillar
10247,Seesaw Double
10368,Senior Module
10418,Seniors Air Swing
10391,Ship Bow
10391,Ship Stern
20636,Single Seesaw
22482,Single Seesaw
11391,Single Seesaw
21644,Single Seesaw
10107,Single Seesaw
22048,Single Seesaw
21321,Single Seesaw
20572,Single Seesaw
22675,Single Seesaw
22554,Single Seesaw
11369,Single Seesaw
22637,Single Seesaw
20841,Single Seesaw
20857,Single Seesaw
22577,Single Slide
21636,Single Slide
22675,Single Slide
22525,Single Slide
11460,Slide
20513,Slide
11335,Slide Long
10391,Slide Long
11335,Slide Spiral
11335,Sluice Gate
11335,Sluice Gate
11482,Space Net
11374,Space Net
11482,Space Net
11376,Space Net
20513,Speaking Post
20513,Speaking Post
11367,Spica
20636,Spica
11482,Spica
23367,Spica
20502,Spica
21649,Spica
11444,Spica
22502,Spica
22014,Spica
21962,Spica
11482,Spica
20874,Spica
21826,Spica
21423,Spica
22672,Spica
11338,Spica
10418,Spiders Web Nest
22495,Spinner
20892,Spinner
21817,Spinner
22568,Spinner
20636,Spinner
11482,Spinner
11337,Spinner
22568,Spinner
11455,Spinner
20716,Spinner
11374,Spinner
22495,Spinner
20513,Spinner
10431,Spinner
21692,Spinner
11338,Spinner
21644,Spinner
11418,Spinner
11391,Spiral Net Climber
23367,Spiral Net Climber
10431,Springer
11335,Springer Ant
21517,Springer Double
11335,Springer Ladybug
11369,Springy Animal
10391,Springy Animal
11338,Springy Animal
21644,Springy Animal
21962,Springy Animal
22537,Springy Animal
11444,Springy Animal
11455,Springy Animal
22568,Springy Animal
11431,Springy Animal
22568,Springy Animal
21792,Springy Animal
20502,Springy Animal
11374,Springy Animal
11391,Springy Animal
21321,Springy Animal
11482,Springy Animal
21975,Springy Animal
11374,Springy Animal
11374,Springy Animal
11369,Springy Animal
11367,Springy Animal
21826,Springy Animal
11374,Springy Animal
20886,Springy Animal
11372,Springy Animal
11490,Springy Animal
22674,Springy Animal
21817,Springy Bike
23367,Springy Digger
23367,Springy Dolphins
23367,Springy Ladybird
21644,Springy Tractor
24050,Stepping Logs
11369,Stepping Logs
21649,Stepping Logs
20513,Stepping Logs
20892,Stepping Pod
22537,Stepping Pod
11482,Supernova
22014,Supernova
23367,Supernova
11479,Supernova
11391,Supernova
11435,Supernova
21649,Supernova
11369,Supernova
20502,Swing Double
11350,Swing Double
11389,Swing Double
11342,Swing Double
22577,Swing Double
11330,Swing Double
20506,Swing Double
22502,Swing Double
21975,Swing Double
22495,Swing Double
11482,Swing Double
22018,Swing Double
22052,Swing Double
22568,Swing Double
11488,Swing Double
20923,Swing Double
22048,Swing Double
22637,Swing Double
21021,Swing Double
11338,Swing Double
22487,Swing Double
21226,Swing Double
21817,Swing Double
22554,Swing Double
21841,Swing Double
21792,Swing Double
22010,Swing Double
11385,Swing Double
20509,Swing Double
11430,Swing Double
21423,Swing Double
20892,Swing Double
20857,Swing Double
20706,Swing Double
11431,Swing Double
22106,Swing Double
21281,Swing Double
11469,Swing Double
22675,Swing Double
11420,Swing Double
23367,Swing Double
22014,Swing Double
20605,Swing Double
22131,Swing Double
11401,Swing Double
21877,Swing Double
11383,Swing Double
11479,Swing Double
22516,Swing Double
21048,Swing Double
21962,Swing Double
22527,Swing Double
22516,Swing Double
11339,Swing Double
20841,Swing Double
20857,Swing Double
22068,Swing Double
11460,Swing Double
20572,Swing Double
22560,Swing Double
21845,Swing Double
11444,Swing Double
22574,Swing Double
23367,Swing Double
20532,Swing Double
22563,Swing Double
21766,Swing Double
11391,Swing Double
22578,Swing Double
11341,Swing Double
11361,Swing Double
11482,Swing Double
20949,Swing Double
21704,Swing Double
22639,Swing Double
21636,Swing Double
23622,Swing Double
22482,Swing Double
11381,Swing Double
21826,Swing Double
11486,Swing Double
22514,Swing Double
21116,Swing Double
22672,Swing Double
20513,Swing Double
10391,Swing Double
21517,Swing Double
21692,Swing Double
10279,Swing Double
10187,Swing Double
10368,Swing Double
10368,Swing Double
21598,Swing Double
21677,Swing Double
10247,Swing Double
21534,Swing Double
21660,Swing Double
10107,Swing Double
22482,Swing Double
21097,Swing Double
11417,Swing Double
11490,Swing Double
21063,Swing Double
21245,Swing Double
11418,Swing Double
22525,Swing Double
11368,Swing Double
21136,Swing Double
20779,Swing Double
22674,Swing Double
11372,Swing Double
20886,Swing Double
10391,Swing Double-Junior
11374,Swing Hexagon
11482,Swing Hexagon
11376,Swing Hexagon
11335,Swing Hexagonal
21167,Swing Quad
11337,Swing Quad
21649,Swing Quad
21321,Swing Quad
11455,Swing Quad
11471,Swing Quad
11432,Swing Quad
21673,Swing Quad
10368,Swing Quad
20874,Swing Quad
21521,Swing Quadruple
11482,Swing Single
11482,Swing Single
11367,Swing Triple
11435,Swing Triple
22537,Swing Triple
20716,Swing Triple
22484,Swing Triple
20883,Swing Triple
11346,Swing Triple
22507,Swing Triple
21093,Swing Triple
11369,Swing Triple
21826,Swing Triple
21644,Swing Triple
10418,Titan Play System
11335,Tower
11460,Treetops Play Space
11460,Treetops Play Space
21673,Tube Slide
11335,Water Play Features
11444,Wooden Jetty
10304,Playground Seat
10213,Playground Surface Sand pit
10717,Kompan Saturn (Rotating See Saw)
10532,Modern Modular (Large)
10877,Modern Modular (Small)
10877,Springy Animal
10532,Swing Unit
10877,Swing Unit
21628,Climbing Frame
10877,Modern Modular (Large)
22240,pendulum swing
22852,Play Hut
22852,Roundabout
22852,Seesaw
21933,Slide
22852,Slide
21894,Swing Unit
22852,Swing Unit
20907,Swing Unit
21069,Bay-Swing Mixed
22087,Bay-Swing Mixed-3 Swings
20263,Bay swing set
10751,Bay swing unit
11263,Abacus
11096,Abacus
11272,Abacus
22787,All safe tile
24041,Animal sculpture-duck
24041,Animal sculpture-snail
24041,Animal sculpture-snake
24041,Animal sculpture-tortise
10520,Arch Climber
22009,Archway
11088,Archway
11088,Archway
22009,Archway
23359,Archway
22009,Archway
11088,Archway
23359,Archway
22009,Archway
11088,Archway
23359,Archway
22009,Archway
23359,Archway
10930,Archways
21368,Balance beam
20599,Balance beam
11115,Balance beam
11115,Balance beam
24041,Balance Beam on springs
22489,Balance Logs
10563,Balancing bars
11198,Balancing bars
21429,Balancing bridge
10467,Balancing rope
23809,Balancing stand
21651,Balancing walk
10383,Basket swing
10619,Basket swing
24041,Basket Swing
22787,Basket swing
10520,Basket swing
11198,Basket swing
23186,Basket swing set
10619,Basket swing-Large
11115,Binoculars
11247,Blue Arch Bridge
11247,Blue Panel
20311,Boat Surround - Timber
20760,Bounce buggy
21368,Bridge
21863,Bridge
11247,Bubble
11198,Modern modular
22604,Climber
11198,Climber
20076,Climber - Spinner
11096,Climber Wall
11247,Climber-Blue
11088,Climber-Car
23359,Climber
21368,Climber
11104,Climber
22423,Climber
11143,Climber-Galaxy Youth
10932,Climber-Galaxy Youth
11033,Climber-Rotating Rope
11088,Climber-Tunnel
11247,Climber
22189,ClimberFixed
21429,Climbing frame
10167,Climbing frame
21933,Climbing frame
10383,Climbing frame
22932,Climbing frame
22695,Climbing frame
22695,Climbing frame
20760,Climbing frame
24041,Climbing handholds
22240,Climbing module
11232,Climbing module - pirate tower
23186,Climbing poles
11247,Climbing Rail
11066,Climbing Wall-Rock
10719,Concrete Tunnel
10719,Concrete Tunnel
22936,Cresent spinner
20996,Cubby & Slide
20888,Cubby House
22009,Cubby House
22308,double seater dolphin
23186,Double slide
21933,Double slide
22359,Dynamo rotating climbing net
10936,Egg Spinner
10719,Embankment slide
21651,Embankment slide
11247,Embankment slide
10467,Fire pit
10933,Fire Truck
20888,Fire truck on springs
11247,Firetruck
20888,Flower shaped stepping pods
10933,Flying Box
20311,Flying Fox
10927,Flying Fox
11058,Flying Fox
10591,Flying fox
20856,Flying Fox
22359,Flying Fox
22739,Flying Fox
11075,Flying Fox
11275,Flying Fox
22308,Flying Fox
20263,Flying Fox
20599,Flying Fox
10998,Fort & tunnel slide
24041,Frog sculpture
10687,Galaxy polaris module
10936,Hammock
10167,Hammock
11247,Hammock - small
11247,Hut with Tunnel
11198,infant swing
22304,Interactive play hut
21651,Jungle gym
10591,Junior modular
10619,Junior module
24314,Kompan Apex
24314,Kompan multi spinner
23809,Large modular
20346,Large modular
10467,Large modular
20907,Large modular
20351,Log Hut
21006,Log Roll
22167,Log Roll
10520,Macrocarpa stepping logs
10927,Mai Mai
11115,Marble run
10383,Medium Modular
20833,Mini dome spinner
22787,Mini sprint/scooter track
21392,Moden Modular-Small
20434,Modern modular
10619,Modern modular
10652,Modern modular
20660,Modern modular
21759,Modern modular
21894,Modern modular (large)
22989,Modern modular (large)
10825,Modern modular (large)
10687,Modern modular (large)
10710,Modern modular (large)
10623,Modern modular (large)
10563,Modern modular (large)
22932,Modern modular (large)
20233,Modern modular (large)
22695,Modern modular (large)
21308,Modern modular (large)
10708,Modern modular (large)
10710,Modern modular (large)
20263,Tube slide
10383,Modular (medium)
10596,Modular junior
10520,Modular senior
23021,Modular Unit (Large)
22649,Module
10932,Module - Large
11272,module small
20996,Module-Climber
11273,Module-Climber-Sthn Swing
22359,Module-Junior climb slide & play
22304,Module-Junior small
20697,Module-Large
22167,Module-Large
20073,Module-Large
20853,Module-Large
20024,Module-Large
11075,Module-Large
21976,Module-Large
21979,Module-Large
21119,Module-Large
22237,Module-Large
22406,Module-Large
22294,Module-Large
11210,Module-Large
11095,Module-Large
22546,Module-Large
10926,Module-Large
11096,Module-Large
11092,Module-Large
10936,Module-Large
22152,Module-Large
21932,Module-Large
22448,Module-Large
22148,Module-Large
22374,Module-Large
11390,Module-Large
11068,Module-Large
22132,Module-Large
11263,Module-Large
11107,Module-Large
23845,Module-large house
20303,Module-Large-Boat Shape
11273,Module-Large-Boat-Nthn Boat
11213,Module-Large-Stand Alone Items
11099,Module-Large-Track Ride
10927,Module-Large-With Tunnel Slide
11208,Module-Medium
22351,Module-Medium
21906,Module-Medium
20006,Module-Medium
11088,Module-Medium
22181,Module-Medium
22414,Module-Medium
21891,Module-Medium
11222,Module-Medium
22562,Module-Medium
22162,Module-Medium
11138,Module-Medium
22218,Module-Medium
22275,Module-Medium
11296,Module-Medium
22134,Module-Medium
20539,Module-Medium
22412,Module-Medium
22235,Module-Medium
11261,Module-Medium
21069,Module-Medium
21094,Module-Medium
22103,Module-Medium
20695,Module-Medium
20838,Module-Medium
22398,Module-Medium
22255,Module-Medium
20661,Module-Medium
20518,Module-Medium
22360,Module-Medium
20051,Module-Medium
23516,Module-Medium
22461,Module-Medium
22264,Module-Medium
22367,Module-Medium
20076,Module-Medium
10925,Module-Medium
20057,Module-Medium
22098,Module-Medium
11298,Module-Medium
21006,Module-Medium
20602,Module-Medium
20653,Module-Medium
22418,Module-Medium
12940,Module-Medium
20052,Module-Medium
11211,Module-Medium
11087,Module-Medium
22668,Module-Medium
11141,Module-Medium
20956,Module-Medium
20372,Module-Medium
10933,Module-Medium
23654,Module-Medium
21045,Module-Medium
22250,Module-Medium
20468,Module-Medium
22239,Module-Medium
20075,Module-Medium
22027,Module-Medium
20207,Module-Medium
22401,Module-Medium
22474,Module-Medium
23311,Module-Medium
11272,Module-Medium
22512,Module-Medium-Boat
22183,Module-Medium-Climber
11033,Module-Medium-Climber
11246,Module-Medium-Firestation
20007,Module-Medium-Fort
22152,Module-Medium-Ground Mounted
11273,Module-Medium-HolidayPk
20569,Module-Medium-Jnr
11201,Module-Medium-Jnr
11201,Module-Medium-Jnr
22175,Module-Medium-Jnr
11213,Module-Medium-Jnr
20053,Module-Medium-Jnr
20846,Module-Medium-Jnr
22471,Module-Medium-Jnr
11064,Module-Medium-Jnr
22165,Module-Medium-Jnr
11323,Module-Medium-Jnr
22009,Module-Medium-Jnr
11302,Module-Medium-Jnr
22125,Module-Medium-Jnr
22301,Module-Medium-Jnr
11072,Module-Medium-Jnr-Comm Centre
11072,Module-Medium-Jnr-Tonkin Drive
11275,Module - Medium
11272,Module - Medium
22606,Module-Medium-Medium
11275,Module-Medium-Sand
20311,Module-Medium-Sandplay
11273,Module-Medium-Skate Slide
22471,Module medium (senior)
11205,Module medium (senior)
11392,Module medium (senior)
11064,Module medium (senior)
11246,Module medium (senior)
11273,Module-Medium-Spinner-Middle Snr
11273,Module-Medium-Spinner-Middle Snr
20885,Module-Medium
20749,Module-Medium
20496,Module-Medium-With Track Ride
22098,Module
22477,Module
20051,Module-Sand play
11205,Module-Slide-Tunnel
22445,Module-Small
22107,Module-Small
11087,Module-Small
22074,Module-Small
22135,Module-Small
21090,Module-Small
21073,Module-Small
22229,Module-Small
21847,Module-Small
21909,Module-Small - Apollo Senior
11273,Module-Small boat bow
22423,Module-Small-Boat
23464,Module-Small-Climber spinner
21909,Module-Small-clock tower Junior
21368,Module-Small-Jnr
20599,Module-Small-Jnr
11392,Module-Small-Jnr
20413,Module-Small-Jnr
11075,Module-Small-Jnr
21932,Module-Small-Jnr
22308,Module-Small-Jnr
22524,Module-Small-Jnr
10960,Module-Small-Jnr
11274,Module-Small-Jnr
20207,Module-Small-Jnr
11246,Module-Small-Jnr-Beach
11210,Module-Small-Jnr-Beach
21147,Module-Small-Jnr-Slide
20653,Module-Small-Navigator
22229,Module-Small-Navigator
11080,Module-Small-Open Slide
11273,Module-Small
11058,Module-Small-Preschool
22167,Module-Small-Preschool
21147,Module-Small-Preschool
10935,Module-Small-Preschool
20800,Module-Small-Slide
10619,Monkey bar
10467,Monkey bar
22211,Monkey Bars
10467,Monkey bars
11247,Mosaic Hop Scotch
11088,Mushroom table & 4 Stools
11088,Mushroom table & 4 Stools
22009,Mushroom table & seats
11272,Noughts & Crosses
22471,Overhead
11247,Overhead Bars
20006,Overhead Event
12941,Overhead Event
22161,Overhead Event
21156,Overhead Event
20856,Overhead Event
20332,Overhead Event
20303,Overhead Event-Track Ride
22208,Overhead-Monkey Bars
22208,Overhead-Multiple
11115,Periscope
21933,Pirate ship rope tower
23845,Pirate tower rope structure
10699,Plastic tunnel in barn
10699,Plastic tunnel in childrens garden
10699,Plastic tunnel in childrens garden
10927,Play Hut
22183,Play Hut with slide
10927,Play Hut-With Climber
10927,Play Hut-With Slide
10591,Play posts
10383,Poles
21933,Pommel swing
11096,Preludic flying fox
23359,Rider-Whale
23845,rocker boat
20888,Rocker-Two Seat
21933,Rocking dinghy
21933,Rocks&Stepping logs
10596,Rockskate
10596,Rockskate
20006,Roctopus
22154,Roctopus
21628,Roctopus
22009,Roctopus
21073,Roctopus
21819,Roctopus
11273,Roctopus-Nthn Boat
11198,Rope climber
22304,rope walk
11247,Rope Walk Bridge
11247,Rope Wall Climber
20263,Rotating climber
11198,Rotating cone climber
11066,Roundabout
23021,Roundabout
10383,Roundabout
21540,Roundabout
10596,Roundabout
22162,Roundabout
22695,Roundabout
20299,Roundabout-Classic
22009,Roundabout-Kidabout Carousel
20907,Roundabout
21429,Roundabout-supernova
22175,Sand Pit-Boat shape
11066,Sand Play
11392,Sandpit
24041,sandpit
21368,Sculpture
21368,Sculpture-5 seeds
21368,Sculpture-Climbing Pods
10933,Sculpture-Climbing timber
21368,Sculpture-Kowhai seed
21368,Sculpture
21368,Sculpture
21368,Sculpture-Nikau seed
21368,Sculpture-Pigeonwood seed
11232,Seasaw
11247,Seat panels
11198,See saw
22604,Seesaw
10596,Seesaw
10568,Seesaw
23845,Seesaw
20007,Seesaw - Standard
10998,Seesaw spinner
11064,Seesaw spinner
10383,Seesaw
21968,Seesaw-Caterpillar
11104,Seesaw-Hip Hop Seasaw
11033,Seesaw-Rotating
22167,Seesaw-Snake
11275,Seesaw-Spring double
11272,Seesaw-Spring
11275,Seesaw-Spring
22668,Seesaw-Spring
21976,Seesaw-Springy
22606,Seesaw-Springy
22189,Seesaw
20299,Seesaw
10998,Seesaw
22107,Seesaw
21073,Seesaw
20800,Seesaw
22221,Seesaw
20075,Seesaw
21126,Seesaw
22161,Seesaw
11263,Seesaw-Spring
11205,Seesaw-Spring
12941,Seesaw-Spring
20749,Seesaw-Spring
22471,Seesaw-Spring
20661,Seesaw-Spring
23654,Seesaw-Spring
20026,Seesaw-Spring
11064,Seesaw-Spring
10960,Seesaw-Spring
22152,Seesaw-Spring
10998,Seesaw-Spring
11247,Seesaw-Spring
20518,Seesaw-Spring
11201,Seesaw-Spring
10932,Seesaw
22132,Seesaw
11095,Seesaw
22208,Seesaw
10924,Seesaw
22185,Seesaw
22256,Seesaw
11099,Seesaw
22668,Seesaw
11088,Seesaw
10932,Seesaw-Spring
11080,Seesaw-Spring
22406,Seesaw-Spring
11143,Seesaw-Spring
21090,Seesaw-Spring
21156,Seesaw-Spring
20569,Seesaw-Spring
21045,Seesaw-Spring
20815,Seesaw-Spring
22401,Seesaw-Spring
20956,Seesaw-Spring
23359,Seesaw spring octopus
20332,Seesaw standup puppet
20006,Seesaw standup puppet
10467,Seesaw
10591,Senior module
20247,Senior module
21429,Stepping pods
11198,Shockwave-Rocker
21152,Skate Item
21628,Slide
22936,Slide
21540,Slide
11198,slide
10167,Slide
22240,slide & platform
11232,Slide Module-hex tower&mega slide
23845,slide tunnel
23845,slide tunnel
10383,Slide
20447,Slide
20924,Slide
24041,Slide
20311,Slide
20856,Slide
20351,Slide
10931,Slide
22167,Slide
22211,Slide
10933,Slide
22324,Slide
20749,Slide
20853,Slide
11211,Slide
22489,Slide
20907,Slide
20007,Slide
22152,Slide
21968,Slide
20074,Slide
22787,Slide
11099,Slide
12941,Slide
22471,Slide
20026,Slide
21152,Slide
21368,Slide
22199,Slide
21156,Slide
10924,Slide
10941,Slide
22185,Slide
22098,Slide
22161,Slide
21863,Slide
20815,Slide
22189,Slide
20287,Slide
22194,Slide
20291,Slide
11104,Slide
22221,Slide
22158,Slide
22223,Slide
22208,Slide
22256,Slide
22197,Slide
11066,Slide
11143,Slide spiral
10930,Slide triple
20299,Slide
11247,Slide-Tunnel
21429,Slide
20283,Small modular
22936,Small modular
10719,Small roundabout
22304,Snr climber with panels
10931,Soccer Play Backstop
21863,Soccer Play Backstop
10931,Soccer Play Target
10931,Soccer slalom
10924,Spacenet
20924,Spacenet
11066,Spacenet
22132,Spacenet
20311,Spacenet
11138,Spacenet
10931,Spacenet
22286,Spacenet
11096,Spacenet
22308,Spacenet
21863,Spacenet & Slide
20074,Spacenet Swing Trampoline
11275,Spacenet-Beach
21392,Spatial Nets
10619,Sping dolphin
20434,Spinner
24041,Spinner
21715,Spinner
10619,Spinner
23845,spinner
10167,Spinner
22304,spinner
20294,Spinner mice
11273,Spinner Plate
11273,Spinner Plate
22304,Spinner pole small
10619,Spinner roundabout
22161,Spinner bowl
21156,Spinner bowl
23359,Spinner bowl
22074,Spinner bowl
11058,Spinner bowl
23464,Spinner bowl
10933,Spinner bowl
10933,Spinner bowl
10933,Spinner bowl
11275,Spinner bowl
11275,Spinner bowl
21368,Spinner bowl
22095,Spinner bowl
22189,Spinner bowl
22489,Spinner bowl
10930,Spinner bowl
10930,Spinner bowl
10930,Spinner bowl
10930,Spinner bowl
10930,Spinner bowl
10930,Spinner bowl
11066,Spinner bowl
11066,Spinner bowl
22197,Spinner bowl
22197,Spinner bowl
11066,Spinner bowl
11275,Spinner bowl
10941,Spinner bowl
21368,Spinner bowl
22221,Spinner bowl
22221,Spinner bowl
11273,Spinner bowl
10167,Spinner cup
22199,Spinner disk
22668,Spinner
22308,Spinner
10930,Spinner
22158,Spinner mini O'Tannebaum
11273,Spinner
22604,Spinner pole
22406,Spinner pole
11246,Spinner pole
11246,Spinner pole
10930,Spinner roundabout
11273,Spinner
21073,Spinner
20853,Spinner
22512,Spinner
22406,Spinner
10927,Spinner
22308,Spinner
11298,Spinner
20653,Spinner
20653,Spinner
11104,Spinner
11092,Spinner
11066,Spinner
20054,Spinner
22183,Spinner
22154,Spinner
22221,Spinner
22181,Spinner
10932,Spinner
11275,Spinner
22074,Spinner
21906,Spinner
11273,Spinner
22604,Spinner
20332,Spinner
20006,Spinner
10927,Spinner
10924,Spinner
21398,Spinning Cup
20907,Spinning Cup
20907,Spinning Cup
10467,Spiral net climer
20833,Sprial net climber
22989,Spring Bike
10619,Spring bird
22989,Spring Horse
10719,Spring Seesaw
10383,Springy
11205,Springy Animal Whale
22695,Springy Animal
22167,Springy animal butterfly
11099,Springy animal duck
21006,Springy animal fox
22095,Springy animal ladybird
10941,Springy animal ladybird
10931,Springy animal ladybird
21968,Springy animal pig
21540,Springy bee
21398,Springy seesaw
20263,Springy seesaw
11247,springy skateboard
22304,springy skateboard
22471,Springy whale
22471,Springy whale
20299,Springy-3 Animals
22125,Springy-4 seat
20332,Springy-4 seater
20653,Springy animal
22098,Springy bird
20303,Springy boat
11298,Springy car
20853,Springy clown
23654,Springy digger
22255,Springy fish
23654,Springy ladybird
20853,Springy pelican
22229,Springy
11272,Springy whale
22229,Springy
10930,Stairs & Deck to Slide
20283,Step'g pods
20283,Step'g pods
20283,Step'g pods
20283,Step'g pods
10467,Step'g pods
22787,Steping tiles x 3
21368,Stepping logs
10619,Stepping logs
11115,Stepping logs
21651,Stepping logs
21651,Stepping logs
20311,Stepping logs to slide
20924,Stepping logs
10467,Stepping logs
20263,Stepping logs
20263,Stepping logs
10167,Stepping pods
10719,Stepping logs
11247,Stepping logs
20263,Stepping rock
11247,Steps to Tunnel Slide
22489,Supernova
22308,Supernova
11247,Suspended Rope Walk
10467,Swing attach to tree
21540,Swing basket
21429,Swing basket
22162,Swing beam
22152,Swing Mixed
10719,Swing set
21429,Swing set
21651,Swing Set
10167,Swing set
22936,Swing set
10591,Swing set
10619,Swing set with basket swing
11198,Swing set
10596,Swing set
10467,Swing set
10467,Swing set
10591,Swing single bay
20907,Swing unit
23809,Swing unit
21540,Swing unit
20283,Swing unit
20434,Swing unit
10687,Swing unit
10687,Swing unit
21308,Swing unit
20346,Swing unit
10623,Swing unit
20233,Swing unit
22932,Swing unit
10708,Swing unit
10563,Swing unit
21628,Swing unit
22989,Swing unit
10825,Swing unit
22787,Swing unit
10710,Swing unit
20760,Swing unit
10383,Swing unit
24314,Swing
22256,Swing
10927,Swing
10926,Swing
22221,Swing
11390,Swing
11096,Swing
10924,Swing
20653,Swing
22294,Swing
20599,Swing
22546,Swing
22223,Swing
20024,Swing
20413,Swing
11088,Swing
22132,Swing
22367,Swing
20697,Swing
20661,Swing
20051,Swing
20964,Swing
22562,Swing
22448,Swing
11095,Swing
12940,Swing
22524,Swing
20053,Swing
22199,Swing
11099,Swing
20749,Swing
20856,Swing
11080,Swing
20291,Swing
23516,Swing
21979,Swing
22351,Swing
21156,Swing
21094,Swing
22301,Swing
21152,Swing
22414,Swing
21976,Swing
11222,Swing
21932,Swing
11138,Swing
22374,Swing
21968,Swing
11201,Swing
22208,Swing
22194,Swing
21006,Swing
22445,Swing
10936,Swing
22181,Swing
20287,Swing
11302,Swing
20496,Swing
20303,Swing
20956,Swing
20332,Swing
11043,Swing
22235,Swing
20073,Swing
11274,Swing
20996,Swing
11392,Swing
20695,Swing
20076,Swing
20602,Swing
21147,Swing
10925,Swing
22103,Swing
22489,Swing
22074,Swing
21090,Swing
22183,Swing
10960,Swing
21126,Swing
20539,Swing
22148,Swing
20075,Swing
21073,Swing
20846,Swing
22250,Swing
22218,Swing
20815,Swing
21906,Swing
23311,Swing
11246,Swing
11296,Swing
20888,Swing
11296,Swing
22167,Swing
11263,Swing
22107,Swing
22165,Swing
22255,Swing
11273,Swing
11275,Swing
11273,Swing
11072,Swing
22221,Swing snr
22398,Swing snr
20372,Swing snr
11261,Swing snr
22229,Swing snr
22668,Swing snr
11210,Swing snr
22338,Swing snr
10924,Swing snr
11390,Swing snr
21863,Swing snr
22256,Swing snr
11058,Swing snr
11096,Swing snr
20653,Swing snr
10931,Swing snr
11205,Swing snr
11275,Swing snr
22304,Basket Swing
22360,Swing snr
11232,Swing snr
11275,Swing
20447,Swing
22423,Swing
10998,Swing
23654,Swing
12941,Swing
22211,Swing
10935,Swing
22189,Swing
22324,Swing
22474,Swing
22185,Swing
22009,Swing
11211,Swing
11323,Swing
20299,Swing
22134,Swing
11033,Swing
20853,Swing
11290,Swing
11143,Swing
10932,Swing
21368,Swing
11107,Swing
11201,Swing
22354,Swing
11104,Swing
22197,Swing
22308,Swing
22135,Swing
22161,Swing
11068,Swing
22512,Swing
11298,Swing
11064,Swing
20020,Swing
11208,Swing
22649,Swing
22471,Swing
23515,Swing
22175,Swing
20800,Swing
20518,Swing
10930,Swing
20468,Swing
22162,Swing
11141,Swing
22606,Swing
11246,Swing
11272,Swing
11273,Swing
21119,Swing
24041,Swing
20026,Swing
22237,Swing
22154,Swing
11273,Swing
10927,Swing
11092,Swing snr
20311,Swing basket
21723,Swing basket
22098,Swing basket
22152,Swing basket
20073,Swing basket
21909,Swing basket
11092,Swing basket
11275,Swing basket
11247,Swing flower Jnr
11247,Swing flower Jnr
23359,Swing flower Jnr
20372,Swing flower Jnr
11058,Swing flower Jnr
11096,Swing flower Jnr
11066,Swing flower Jnr
11096,Swing flower Jnr
11066,Swing flower Jnr
11066,Swing hammock
20303,Swing hammock
20351,Swing hammock
22074,Swing hammock large rope
22095,Swing-Hammock-Small
22074,Swing-Hammock-small black
20924,Swing keyhole Jnr
23359,Swing keyhole Jnr
22286,Swing keyhole Jnr
11104,Swing keyhole Jnr
10941,Swing keyhole Jnr
22604,Swing keyhole Jnr
10931,Swing keyhole Jnr
20311,Swing keyhole Jnr
21863,Swing keyhole Jnr
20074,Swing keyhole Jnr
22197,Swing large Rope
22405,Swing mega
10926,Swing mega
20569,Swing mega
11087,Swing mega
22401,Swing mega
22098,Swing
22406,Swing
21968,Swing rope basket
11275,Swing rope
22604,Swing Snr
22275,Swing Jnr
22167,Swing Jnr
20653,Swing Jnr
11247,Swing Jnr
22158,Swing Snr
22398,Swing T bar Jnr
22668,Swing T bar Jnr
11205,Swing T bar Jnr
20351,Swing T bar
22418,Swing T bar
22359,Swings high quad regular & infant
21933,Timber jetty
11247,Timber pods under shade
11247,Timber Stepping Logs
10467,Timber waka
11095,Tossup Hoop
11213,Track Ride
10930,Tractor
24041,Trampoline inground
24041,Trampoline inground
10167,Trampolines
10467,Tree hut-In bush
10167,Tube shape climbers
21723,Tube Slide and Tower
21968,Tunnel
21968,Tunnel
11210,Turn Bars
11273,Turn bars
22194,Turnstile
20760,Twirler spinner
11198,Twirler Spinner
20263,Twirler Spinner
10167,Twirler Spinner
20294,Twister ring
20294,Vertical ladder
11092,Walkway Wobbly Walk Deck
10930,Water Feature
21863,Water Play
10167,Water play
20760,Wave slide
11198,Wave slide
10687,Wheel chair exercises
10514,Wheelchair swing
23186,Wobbly bridge
11115,Wobbly bridge
24041,Xylophone
10754,Swing
10326,Pommel swing
10424,Pre-school play module
10381,Pyramid rope climber
10211,Pyramid rope climbing net
10537,RBIN
10751,Rider
21794,Rocker
10288,Rocker seesaw
10396,Rocket structure
21481,Rocktopus
21137,Rocktopus
10362,Roctopus
23096,Roctopus
10348,Roktopus
21798,Roktopus
10250,Roktopus
10395,Roktopus
10050,Rope block activity
10395,Rope climbing net
21194,Rope swing
21015,Rotating Net
10065,Rotating Net
23096,Rotating net
10178,Roundabout
21543,Roundabout
10200,Roundabout
22898,Roundabout
10050,Roundabout
10304,Roundabout
10179,Roundabout
10424,Roundabout
10759,Roundabout Snr
10244,Roundabout spinner
10200,Roundabout
10245,Sand play bench
10154,Sand play unit
10304,Sandpit
22668,Seat
21383,Seesaw
10315,Seesaw
21004,Seesaw
21390,Seesaw
21188,Seesaw
21011,Seesaw
21153,Seesaw
21803,Seesaw
20987,Seesaw
10198,Seesaw
21177,Seesaw
10211,Seesaw
10415,Seesaw
10245,Seesaw
10415,Seesaw
21543,Seesaw
10286,Seesaw
10348,Seesaw
10056,Seesaw
20823,Seesaw
20939,Seesaw
23116,Seesaw
10326,Seesaw
10200,Seesaw
10394,Seesaw
10200,Seesaw
10155,Seesaw
20959,Seesaw
20959,Seesaw
10253,Seesaw
10004,Seesaw
10151,Seesaw
10356,Seesaw
10407,Seesaw
23100,Seesaw
10387,Seesaw
23106,Senior module
10348,Senior module
10396,Senior module
21383,Senior module
10288,Senior module
10065,Senior Module
21390,Senior Module
10415,Senior overhead climber
10362,Senior Swings
21343,Senior Swings
21133,Senior unit
10020,Ship Module
10751,Shoulder Press
10531,SKAT
10531,Rail
10531,Rail
10535,Timber ramp
10535,Timber/Aluminium ramp
10924,Skate Tricks
10924,Skate Tricks
10924,Skate Tricks
21782,Frame rail and box
21782,Curved hubba
11198,Flat rail
21782,Funbox 1
21782,Funbox 2
21782,Funbox 3
21782,Grindbox
21782,Hubba 1
21782,Hubba 2
21782,Hubba 3
21782,Hubba 4
21782,Hubba 5
21782,Hubba 6
21782,Kick up 1
21782,Rail
21782,Rail
21782,Rail
21782,Rail
21782,Rail
21782,Rail
21782,Rail
21782,Rail
21782,Ramp
21782,Ramp
21782,Skate bowl
21782,Steps
21782,Steps
21782,Steps
21782,Steps
21782,Steps
21782,Steps
21782,Triangle bank
21782,Volcano
21782,Wall ride
21782,Whale tail
10389,Sky Surfer
10425,Slide
20823,Slide
10048,Slide
10200,Slide
23056,Slide
10198,Slide
10048,Slide
10250,Slide
10056,Slide
10351,Slide
21157,Slide
23116,Slide
21379,Slide
10315,Slide
10317,Slide
10314,Slide
21705,Slide
21196,Slide
10356,Slide
21133,Slide
10381,Slide
21196,Slide
10365,Slide
10365,Slide
21794,Slide
10154,Slide
10037,Slide tower
10362,Slide
10266,Slide
23096,Slide
21188,Slide
10389,Slide
10304,Slide
10050,Slide
20654,Small module
10274,Small module
20959,Small module
21322,Small module
10004,Small module
10037,Small module
10326,Small module
10179,Spacenet
10253,Spica
10239,Spica
21383,Spica
10269,spica
10396,Spica
10004,Spica
10396,Spica
10269,Spica
21322,Spica
10343,Spica
10351,Spica
10351,Spica
10004,Spica
10239,Spica
10396,Spica
23080,Spica
10351,Spica
21571,Spica
21383,Spica
23971,Spica
10154,Spica
23971,Spica
10154,Spica
21177,Spica twirl about
20939,Spica twirl about
20939,Spica twirl about
10155,Spica twirl about
10034,Spica twirl about
10381,Spica twirl about
10034,Spica twirl about
10365,Spiner tornado net
21383,Spingy animal
10365,Spinner
21705,Spinner
10365,Spinner cup
21011,Spinner cup
10365,Spinner round about
20823,Spinner roundabout
23116,Spinner roundabout
10255,Spinner roundabout
20894,Spinner swing
20894,Spinner top net
10759,Spinning Cup Snr
10377,Spinning Frame
10288,Splash pad
10362,Sprial Net Climb
10271,Spring perch
10424,Spring rider seesaw
21157,Springy animal
10425,Springy animal
10258,Springy animal
21408,Springy Animal
21322,Springy animal
20672,springy animal
20672,Springy animal
20939,Springy animal
21157,Springy animal
10304,Springy animal
21390,Springy animal
21561,Springy animal
10028,Springy animal rocker
10381,Springy car
21196,Springy car
21383,Springy car
10037,Springy car
10211,Springy rider car
10004,Springy rocker
10340,Springy rocker
21806,Springy rocker
10034,Springy rocker
10442,Springy rocker
10029,Springy rocker
10442,Springy rocker
10178,Springy rocker
10154,Springy rocker
10034,Springy rocker
23056,Springy seesaw
10286,Springy seesaw
10037,Springy seesaw
10239,Springy seesaw
10037,Springy seesaw
21866,Springy seesaw
21173,Springy seesaw
21348,Springy seesaw
21348,Springy seesaw
10321,Springy seesaw
10381,Springy seesaw
10033,Springy seesaw
10362,Springy seesaw - large
10154,Springy seesaw - large
10362,Springy seesaw junior
21157,Springy sesaw
10050,Springy skateboard
10050,Springy skateboard
10381,Springy skateboard
10381,Springy skateboard
20894,Springy skateboard
10271,Springy skateboard
10356,Stainless steel slide - short
10381,Staircase
20823,Stepping logs
10034,Stepping logs
10213,Stepping logs
10424,Stepping logs
10241,Stepping logs
21145,Stepping logs
10063,Stepping logs
21390,Stepping logs
10314,Stepping logs/balance beam
10034,Stepping platform - webbed
21190,Stepping stone logs
10351,Stepping stones
21343,Supa nova
10362,Supa nova
10154,Supa nova
21383,Supanova
10197,Supernova
10211,Supernova
10048,Supernova
10348,Swing
23134,Swing
10198,Swing
10037,Swing
10176,Swing
10269,Swing
21444,Swing
10239,Swing
10266,Swing
23100,Swing
21157,Swing
10037,Swing
21543,Swing
10286,Swing
10056,Swing
10250,Swing
10035,Swing
20877,Swing
21866,Swing
10416,Swing
21181,Swing
10348,Swing
23103,Swing
20959,Swing
10362,Swing
10415,Swing
10197,Swing
10033,Swing
10058,Swing
10425,Swing
21196,Swing
20955,Swing
23116,Swing
10303,Swing
21379,Swing
20865,Swing
20823,Swing
10444,Swing
23084,Swing
20795,Swing
10407,Swing
10012,Swing
21348,Swing
10154,Swing
23971,Swing
21145,Swing
21011,Swing
21705,Swing
21145,Swing
10441,Swing
10004,Swing
21383,Swing
21561,Swing
10155,Swing
10253,Swing
10348,Swing
10343,Swing
10116,Swing
10396,Swing
21798,Swing
10351,Swing
10415,Swing
10304,Swing
10211,Swing
10442,Swing T bar
21396,Swing T bar
10050,Swing T bar
20554,Swing T bar
20869,Swing T bar
10050,Swing T bar
10348,Swing T bar
21052,Swing T bar
23080,Swing T bar
10442,Swing T bar
10396,Swing T bar
21322,Swing T bar
23056,Swing T bar
20654,Swing T bar
10245,Swing T bar
21866,Swing T bar
21077,Swing T bar
10072,Swing T bar
10348,Swing tyre
20611,Swing
20611,Swing
10365,Swing
10365,Swing
10034,Swing
10034,Swing
22898,Swing
10326,Swing T bar
10218,Swing T bar
21177,Swing T bar
10020,Swing T bar
20947,Swing T bar
21173,Swing T bar
10444,Swing T bar
10319,Swing T bar
10759,Swing
22847,Swing
22847,Swing
21806,Swings
21343,Swings
20939,Swings
21416,Swings
10317,Swings
10408,Swings
10340,Swings
10000,Swings
21356,Swings
23058,Swings
21803,Swings
10029,Swings
10151,Swings
20930,Swings
10178,Swings
10356,Swings
21190,Swings
23078,Swings
10219,Swings
10315,Swings
20987,Swings
10304,Swings
10288,Swings
23081,Swings
10288,Swings
21153,Swings
10394,Swings
10265,Swings
10321,Swings
10213,Swings
21004,Swings
21188,Swings
21523,Swings
21390,Swings
21133,Swings
10361,Swings
10065,Swings
10241,Swings
21015,Swings
21137,Swings
10278,Swings
10255,Swings
21081,Swings
10257,Swings
10063,Swings
10314,Swings
10179,Swings
10200,Swings
21400,Swings T bar
20894,Swings
10381,Swings
10387,Swings T bar
10387,Swings T bar
10244,Swings
10377,Swings
21571,T-bar swing
21794,T-bar swing
10277,Timber Climbing/Seat
10029,Timber swings
10424,Timber tower tube slides
10198,Tower
10037,Track glide
10441,Track glide
10200,Track glide
21390,Track glide
22847,Track glide Snr
10362,Train
10050,Train
10362,Train station
10179,Train Track
10365,Trampoline inground
10365,Trampoline inground
10213,Trampolines x2
10179,Tree House Senior Module
10424,Tree hut
21133,Tube Slide
10288,Tube slide
10356,Tube Slide and platform
10356,Tube Slide with bermese bridge entrance
10241,Twirler
10155,Vaga spinner
10351,Swing
23971,Water Play
23971,Water Play
10288,Water play
10288,Water play
23971,Water Sluice Gate
20987,Whale rocker
21444,Whale springy rider
10425,Xylophone
10365,Xylophone